{"cameraMode":{"drawMode":0,"name":"Shaded","section":"Shading Mode"},"sceneLighting":true,"audioPlay":false,"sceneViewState":{"m_AlwaysRefresh":false,"showFog":true,"showSkybox":true,"showFlares":true,"showImageEffects":true,"showParticleSystems":true,"showVisualEffectGraphs":true,"m_FxEnabled":true},"in2DMode":false,"pivot":{"x":1.2048473358154297,"y":-0.28714442253112795,"z":-0.6375320553779602},"rotation":{"x":-0.16778813302516938,"y":0.8034059405326843,"z":0.26685670018196108,"w":0.5051529407501221},"size":2.6015164852142336,"orthographic":false}